country_name,continent,year,happiness,GDP,life_expect,freedom,corruption,total_pop
Afghanistan,Asia,2019,2.375,7.64,53.9,0.394,0.924,37769499
Afghanistan,Asia,2017,2.662,7.648,53.25,0.427,0.954,35643418
Central African Republic,Africa,2016,2.693,6.707,44.75,0.624,0.859,4904177
Afghanistan,Asia,2018,2.694,7.631,53.575,0.374,0.928,36686784
Zimbabwe,Africa,2019,2.694,7.698,53.1,0.632,0.831,15354608
South Sudan,Africa,2017,2.817,NA,53.35,0.456,0.761,10658226
South Sudan,Africa,2016,2.888,NA,53.175,0.44,0.785,11066105
Tanzania,Africa,2016,2.903,7.775,57.15,0.775,0.739,54401802
Yemen,Asia,2018,3.058,7.444,57.725,0.553,0.793,30790513
Rwanda,Africa,2017,3.108,7.568,59.55,0.908,0.214,12230339
India,Asia,2019,3.249,8.796,60.3,0.876,0.752,1383112050
Yemen,Asia,2017,3.254,7.243,57.95,0.595,NA,30034389
Rwanda,Africa,2019,3.268,7.692,60.2,0.869,0.168,12835028
Zambia,Africa,2019,3.307,8.123,54.4,0.811,0.832,18380477
Rwanda,Africa,2016,3.333,7.554,59.225,0.911,0.159,11930899
Malawi,Africa,2018,3.335,7.299,56.55,0.799,0.766,18367883
Tanzania,Africa,2017,3.347,7.807,57.6,0.8,0.654,56267032
Haiti,North America,2016,3.352,8.056,54.9,0.304,0.839,10713849
Liberia,Africa,2016,3.355,7.33,53.1,0.763,0.901,4706097
Malawi,Africa,2017,3.417,7.283,56,0.848,0.735,17881167
Tanzania,Africa,2018,3.445,7.828,58.05,0.807,0.612,58090443
Sierra Leone,Africa,2019,3.447,7.412,52.9,0.718,0.874,8046828
Botswana,Africa,2018,3.461,9.613,53.625,0.818,0.807,2451409
Botswana,Africa,2019,3.471,9.624,53.9,0.833,0.792,2499702
Central African Republic,Africa,2017,3.476,6.733,45.3,0.645,0.89,4996741
Malawi,Africa,2016,3.476,7.27,55.45,0.81,0.824,17405624
Botswana,Africa,2016,3.499,9.573,53.075,0.852,0.729,2352416
Botswana,Africa,2017,3.505,9.593,53.35,0.817,0.731,2401840
Lesotho,Africa,2019,3.512,7.837,44.2,0.716,0.915,2225702
Rwanda,Africa,2018,3.561,7.626,59.875,0.924,0.164,12531808
Guinea,Africa,2016,3.603,7.704,51.95,0.726,0.803,11930985
Haiti,North America,2018,3.615,8.07,55.5,0.591,0.72,11012421
Zimbabwe,Africa,2018,3.616,7.783,52.625,0.763,0.844,15052184
Zimbabwe,Africa,2017,3.638,7.754,52.15,0.753,0.751,14751101
Tanzania,Africa,2019,3.64,7.855,58.5,0.85,0.589,59872579
Madagascar,Africa,2016,3.663,7.332,56.55,0.57,0.864,25501941
Zimbabwe,Africa,2016,3.735,7.735,51.675,0.733,0.724,14452704
Lesotho,Africa,2017,3.795,7.852,42.9,0.757,0.797,2170617
Lesotho,Africa,2016,3.808,7.897,42.25,0.729,0.743,2143872
India,Asia,2018,3.818,8.77,60,0.89,0.805,1369003306
Haiti,North America,2017,3.824,8.067,55.2,0.484,0.647,10863543
Yemen,Asia,2016,3.826,7.552,58.175,0.533,NA,29274002
Malawi,Africa,2019,3.869,7.325,57.1,0.765,0.68,18867337
Togo,Africa,2016,3.879,7.569,54.7,0.73,0.815,7661354
Egypt,Africa,2017,3.929,9.253,62.5,0.593,NA,101789386
Zambia,Africa,2017,3.933,8.13,53.55,0.823,0.74,17298054
Comoros,Africa,2018,3.973,8.1,58.725,0.56,0.794,776313
Uganda,Africa,2017,4.001,7.663,57.25,0.772,0.816,40127085
Egypt,Africa,2018,4.005,9.286,62.75,0.682,NA,103740765
Benin,Africa,2016,4.007,7.958,54.6,0.78,0.838,11260085
Mali,Africa,2016,4.016,7.655,53.4,0.696,0.862,18700106
Togo,Africa,2018,4.023,7.611,55.7,0.612,0.809,8046679
Lebanon,Asia,2019,4.024,9.751,66,0.447,0.89,5781907
Chad,Africa,2016,4.029,7.429,50.875,0.525,0.82,14592585
Ukraine,Europe,2016,4.029,9.353,63.925,0.503,0.891,45004673
Venezuela,South America,2016,4.041,7.602,64.925,0.458,0.89,30741464
Zambia,Africa,2018,4.041,8.139,53.975,0.791,0.811,17835893
India,Asia,2017,4.046,8.718,59.7,0.886,0.781,1354195680
Madagascar,Africa,2018,4.071,7.351,57.05,0.551,0.889,26846541
Madagascar,Africa,2017,4.079,7.345,56.8,0.57,0.847,26169542
Sierra Leone,Africa,2017,4.09,7.374,51.3,0.711,0.848,7677565
Ethiopia,Africa,2019,4.1,7.688,59.9,0.754,0.732,114120594
Gambia,Africa,2017,4.118,7.564,56.4,0.812,0.572,2381182
Dem Rep Congo,Africa,2016,4.119,8.381,55.225,0.786,0.79,81430977
Tunisia,Africa,2017,4.124,9.294,66.8,0.478,0.869,11811443
Liberia,Africa,2018,4.135,7.328,54.3,0.766,0.868,4889391
Mauritania,Africa,2019,4.153,8.614,59.8,0.628,0.743,4383849
Myanmar,Asia,2017,4.154,8.369,60.25,0.886,0.619,52288341
India,Asia,2016,4.179,8.664,59.4,0.82,0.765,1338636340
Togo,Africa,2019,4.179,7.64,56.2,0.617,0.737,8243094
Ethiopia,Africa,2017,4.18,7.595,59.1,0.717,0.757,108197950
Yemen,Asia,2019,4.197,7.448,57.5,0.651,0.798,31546691
Burkina Faso,Africa,2016,4.206,7.558,53.775,0.645,0.721,19275498
Eswatini,Africa,2018,4.212,9.029,49.3,0.71,0.692,1160428
Sri Lanka,Asia,2019,4.213,9.521,67,0.824,0.863,21803000
Afghanistan,Asia,2016,4.22,7.65,52.925,0.523,0.793,34636207
Uganda,Africa,2016,4.233,7.667,56.775,0.739,0.811,38748299
Niger,Africa,2016,4.235,7.042,54.45,0.702,0.814,20921743
Chad,Africa,2019,4.251,7.354,52,0.537,0.832,16126866
Nigeria,Africa,2019,4.266,8.532,54.4,0.746,0.873,203304492
Iran,Asia,2018,4.278,9.591,66.15,0.603,0.703,85617562
Mozambique,Africa,2017,4.28,7.16,49.5,0.823,0.682,28569441
Armenia,Asia,2017,4.288,9.434,66.55,0.614,0.865,2851923
Ethiopia,Africa,2016,4.298,7.531,58.7,0.744,0.703,105293228
Sierra Leone,Africa,2018,4.306,7.384,52.1,0.716,0.856,7861281
Bangladesh,Asia,2017,4.31,8.483,64.05,0.896,0.635,161793964
Rep Congo,Africa,2017,4.311,6.931,53.25,0.704,0.809,5312340
Ukraine,Europe,2017,4.311,9.381,64.05,0.599,0.937,44831135
Mauritania,Africa,2018,4.314,8.588,59.575,0.467,0.711,4270712
Tunisia,Africa,2019,4.315,9.315,66.9,0.659,0.889,12049314
Uganda,Africa,2018,4.322,7.69,57.725,0.729,0.856,41515395
Armenia,Asia,2016,4.325,9.357,66.275,0.611,0.921,2865835
Egypt,Africa,2019,4.328,9.322,63,0.774,NA,105618671
Sri Lanka,Asia,2017,4.331,9.517,66.8,0.827,0.844,21506813
Madagascar,Africa,2019,4.339,7.369,57.3,0.55,0.72,27533134
Zambia,Africa,2016,4.348,8.127,53.125,0.812,0.771,16767761
Togo,Africa,2017,4.361,7.587,55.2,0.717,0.726,7852795
Ethiopia,Africa,2018,4.379,7.634,59.5,0.74,0.799,111129438
Eswatini,Africa,2019,4.396,9.048,50.1,0.597,0.724,1169613
Kenya,Africa,2016,4.396,8.353,56.5,0.749,0.828,47894670
Myanmar,Asia,2018,4.411,8.424,60.575,0.906,0.647,52666014
Iraq,Asia,2016,4.413,9.25,61.275,0.666,0.799,38697943
Mali,Africa,2018,4.416,7.69,54.2,0.737,0.793,19934298
Liberia,Africa,2017,4.424,7.335,53.7,0.733,0.867,4796631
Myanmar,Asia,2019,4.434,8.483,60.9,0.899,0.682,53040212
Sri Lanka,Asia,2018,4.435,9.529,66.9,0.859,0.856,21670000
Namibia,Africa,2019,4.436,9.211,56.1,0.739,0.879,2446644
Namibia,Africa,2017,4.441,9.243,55.35,0.81,0.831,2364534
Pakistan,Asia,2019,4.443,8.548,56.9,0.685,0.776,223293280
Georgia,Asia,2016,4.448,9.47,64.325,0.606,0.561,3727505
Georgia,Asia,2017,4.451,9.517,64.45,0.821,0.59,3728004
Jordan,Asia,2019,4.453,9.164,67.6,0.726,NA,10698683
Cambodia,Asia,2016,4.461,8.233,60.9,0.958,0.84,15624584
Iraq,Asia,2017,4.462,9.208,61.75,0.628,0.757,39621162
Mauritania,Africa,2016,4.472,8.533,59.125,0.467,0.842,4051890
Kenya,Africa,2017,4.476,8.369,56.9,0.853,0.854,48948137
State of Palestine,Asia,2019,4.483,8.716,NA,0.653,0.829,NA
Chad,Africa,2018,4.486,7.355,51.625,0.65,0.763,15604210
Bangladesh,Asia,2018,4.499,8.542,64.175,0.901,0.701,163683958
Albania,Europe,2016,4.511,9.417,69.025,0.73,0.901,2876101
Ghana,Africa,2016,4.514,8.447,56.875,0.751,0.894,29554303
South Africa,Africa,2017,4.514,9.543,55.15,0.787,0.865,56641209
Tunisia,Africa,2016,4.521,9.283,66.75,0.614,0.811,11685667
Rep Congo,Africa,2016,4.522,6.929,52.825,0.637,0.875,5186824
Ivory Coast,Africa,2016,4.543,8.421,53.075,0.769,0.757,24213622
State of Palestine,Asia,2018,4.554,8.718,NA,0.655,0.814,NA
Bangladesh,Asia,2016,4.556,8.431,63.925,0.875,0.688,159784568
Egypt,Africa,2016,4.557,9.232,62.25,0.656,0.818,99784030
Chad,Africa,2017,4.559,7.365,51.25,0.615,0.792,15085884
Cambodia,Asia,2017,4.586,8.287,61.1,0.964,0.821,15830689
Senegal,Africa,2016,4.595,8.045,58.5,0.744,0.794,14751356
Comoros,Africa,2019,4.609,8.099,58.9,0.538,0.762,790986
Niger,Africa,2017,4.616,7.053,54.8,0.684,0.778,21737922
Kenya,Africa,2019,4.619,8.434,57.7,0.818,0.794,50951450
Turkmenistan,Asia,2018,4.621,9.569,62,0.858,NA,6065066
Laos,Asia,2017,4.623,8.883,59.9,0.891,0.592,6997917
Myanmar,Asia,2016,4.623,8.321,59.925,0.877,0.607,51892349
State of Palestine,Asia,2017,4.628,8.734,NA,0.632,0.831,NA
Jordan,Asia,2018,4.639,9.168,67.6,0.762,NA,10459865
Albania,Europe,2017,4.64,9.455,69.05,0.75,0.876,2873457
Burkina Faso,Africa,2017,4.647,7.59,54.15,0.614,0.727,19835858
Iran,Asia,2016,4.653,9.614,65.85,0.773,0.713,83306231
Mozambique,Africa,2018,4.654,7.165,49.95,0.897,0.691,29423878
Kenya,Africa,2018,4.656,8.404,57.3,0.821,0.844,49953304
Georgia,Asia,2018,4.659,9.565,64.575,0.775,0.755,3726549
Ukraine,Europe,2018,4.662,9.42,64.175,0.663,0.943,44622518
Mauritania,Africa,2017,4.678,8.568,59.35,0.527,0.777,4160015
Senegal,Africa,2017,4.683,8.089,58.8,0.687,0.825,15157793
Ukraine,Europe,2019,4.702,9.458,64.3,0.715,0.885,44386203
Iran,Asia,2017,4.717,9.627,66,0.731,0.715,84505076
Sierra Leone,Africa,2016,4.733,7.357,50.5,0.681,0.863,7493913
Nepal,Asia,2017,4.737,8.159,60.75,0.845,0.77,28183426
Burkina Faso,Africa,2019,4.741,7.654,54.9,0.678,0.729,20951639
Tunisia,Africa,2018,4.741,9.31,66.85,0.65,0.84,11933041
Mali,Africa,2017,4.742,7.675,53.8,0.753,0.863,19311355
Algeria,Africa,2019,4.745,9.361,66.4,0.385,0.741,42705368
Guinea,Africa,2019,4.768,7.842,53.3,0.691,0.756,12877539
Senegal,Africa,2018,4.769,8.122,59.1,0.629,0.805,15574909
South Africa,Africa,2016,4.77,9.536,54.625,0.774,0.813,56422274
Gabon,Africa,2017,4.782,9.58,56.95,0.652,0.868,2140215
Gabon,Africa,2018,4.783,9.565,57.275,0.719,0.823,2192012
Jordan,Asia,2017,4.808,9.173,67.6,0.766,NA,10215381
Cameroon,Africa,2016,4.816,8.207,52.475,0.713,0.879,23711630
Gabon,Africa,2016,4.832,9.601,56.625,0.699,0.817,2086206
Namibia,Africa,2018,4.834,9.237,55.725,0.754,0.846,2405680
Bulgaria,Europe,2016,4.838,9.94,66,0.7,0.936,7127822
Benin,Africa,2017,4.853,7.984,54.9,0.727,0.767,11596779
Kyrgyzstan,Asia,2016,4.857,8.5,64.225,0.814,0.917,6079500
Laos,Asia,2018,4.859,8.929,60.2,0.907,0.634,7105006
Turkiye,Asia,2019,4.872,10.245,68.4,0.631,0.76,83481684
Guinea,Africa,2017,4.874,7.776,52.4,0.738,0.75,12240789
Dem Rep Congo,Africa,2017,4.884,8.312,55.55,0.778,0.763,84283273
South Africa,Africa,2018,4.884,9.546,55.675,0.753,0.841,57339635
Iraq,Asia,2018,4.886,9.21,62.225,0.598,0.887,40590700
Georgia,Asia,2019,4.892,9.615,64.7,0.811,0.647,3720161
Morocco,Africa,2018,4.897,8.996,63.6,0.773,0.843,35927511
State of Palestine,Asia,2016,4.907,8.738,NA,0.608,0.812,NA
Nepal,Asia,2018,4.91,8.221,61.025,0.77,0.742,28506712
Gabon,Africa,2019,4.914,9.58,57.6,0.736,0.846,2242785
Gambia,Africa,2018,4.922,7.607,56.7,0.719,0.691,2444916
Burkina Faso,Africa,2018,4.927,7.626,54.525,0.721,0.757,20392723
Mozambique,Africa,2019,4.932,7.159,50.4,0.87,0.682,30285595
Cameroon,Africa,2019,4.937,8.231,54.5,0.712,0.817,25782341
Uganda,Africa,2019,4.948,7.719,58.2,0.704,0.826,42949080
Ghana,Africa,2019,4.967,8.584,58,0.787,0.857,31522290
Benin,Africa,2019,4.976,8.057,55.5,0.77,0.698,12290444
Mali,Africa,2019,4.988,7.705,54.6,0.67,0.846,20567424
Albania,Europe,2019,4.995,9.522,69.1,0.777,0.914,2854191
Cambodia,Asia,2019,4.998,8.404,61.5,0.957,0.828,16207746
Albania,Europe,2018,5.004,9.497,69.075,0.824,0.899,2866376
Ghana,Africa,2018,5.004,8.542,57.625,0.817,0.846,30870641
Niger,Africa,2019,5.004,7.105,55.5,0.831,0.729,23443393
Iran,Asia,2019,5.006,9.553,66.3,0.623,0.728,86564202
Venezuela,South America,2018,5.006,5.935,64.575,0.611,0.828,29825653
North Macedonia,Europe,2019,5.015,9.728,66.1,0.725,0.923,2076694
South Africa,Africa,2019,5.035,9.536,56.2,0.738,0.82,58087055
Ivory Coast,Africa,2017,5.038,8.466,53.65,0.732,0.771,24848016
Algeria,Africa,2018,5.043,9.37,66.3,0.583,0.759,41927007
Mongolia,Asia,2016,5.057,9.311,60,0.76,0.9,3029555
Morocco,Africa,2019,5.057,9.014,63.7,0.757,0.757,36304408
Armenia,Asia,2018,5.062,9.49,66.825,0.808,0.677,2836557
Vietnam,Asia,2016,5.062,9.053,65,0.894,0.799,93126529
Venezuela,South America,2017,5.071,5.943,64.75,0.636,0.844,30563433
Cameroon,Africa,2017,5.074,8.214,53.15,0.767,0.844,24393181
Venezuela,South America,2019,5.081,5.527,64.4,0.626,0.839,28971683
Bosnia and Herzegovina,Europe,2017,5.09,9.503,67.1,0.564,0.923,3440027
Bulgaria,Europe,2017,5.097,9.975,66.1,0.689,0.911,7075947
Indonesia,Asia,2017,5.098,9.3,62.55,0.865,0.9,264498852
Bulgaria,Europe,2018,5.099,10.008,66.2,0.724,0.952,7025037
China,Asia,2017,5.099,9.564,68.25,0.878,NA,1396215000
Nepal,Asia,2016,5.1,8.085,60.475,0.839,0.817,27861186
Tajikistan,Asia,2016,5.104,8.036,61.55,0.703,0.632,8725318
Bulgaria,Europe,2019,5.108,10.055,66.3,0.822,0.943,6975761
Bangladesh,Asia,2019,5.114,8.607,64.3,0.902,0.656,165516222
Liberia,Africa,2019,5.121,7.283,54.9,0.706,0.828,4985289
Cambodia,Asia,2018,5.122,8.347,61.3,0.958,NA,16025238
Serbia,Europe,2017,5.122,9.718,66.65,0.685,0.851,7020858
China,Asia,2018,5.131,9.625,68.375,0.895,NA,1402760000
Indonesia,Asia,2016,5.136,9.261,62.425,0.83,0.89,261850182
China,Asia,2019,5.144,9.679,68.5,0.927,NA,1407745000
Greece,Europe,2017,5.148,10.261,70.65,0.438,0.872,10754679
Azerbaijan,Asia,2017,5.152,9.555,63.35,0.731,0.653,9854033
Lebanon,Asia,2017,5.154,9.787,65.85,0.605,0.911,6109252
Gambia,Africa,2019,5.164,7.642,57,0.677,0.798,2508883
Niger,Africa,2018,5.164,7.084,55.15,0.791,0.637,22577058
Lebanon,Asia,2018,5.167,9.797,65.925,0.607,0.907,5950839
Azerbaijan,Asia,2018,5.168,9.562,63.475,0.772,0.561,9939771
Azerbaijan,Asia,2019,5.173,9.578,63.6,0.854,0.457,10024283
Vietnam,Asia,2017,5.175,9.111,65.1,NA,NA,94033048
Belarus,Europe,2016,5.178,9.792,65.325,0.658,0.664,9469379
Bosnia and Herzegovina,Europe,2016,5.181,9.46,67.05,0.633,0.957,3480986
Turkiye,Asia,2018,5.186,10.246,68.225,0.529,0.805,82809304
Laos,Asia,2019,5.197,8.967,60.5,0.906,0.62,7212053
Maldives,Asia,2018,5.198,9.893,69.775,0.855,NA,489758
Dem Rep Congo,Africa,2019,5.213,8.215,56.2,0.686,0.741,89906890
Nigeria,Africa,2016,5.22,8.558,53.425,0.798,0.905,188666931
Turkmenistan,Asia,2017,5.229,9.525,61.9,0.72,NA,5968383
Belarus,Europe,2018,5.234,9.851,65.775,0.644,0.718,9438785
North Macedonia,Europe,2017,5.234,9.662,65.7,0.752,0.856,2074502
Dominican Republic,North America,2016,5.239,9.678,63.4,0.873,0.737,10527592
North Macedonia,Europe,2018,5.24,9.69,65.9,0.745,0.91,2076217
Algeria,Africa,2017,5.249,9.377,66.2,0.437,0.7,41136546
Cameroon,Africa,2018,5.251,8.225,53.825,0.816,0.884,25076747
Guinea,Africa,2018,5.252,7.813,52.85,0.731,0.778,12554864
Nigeria,Africa,2018,5.252,8.535,54.075,0.79,0.866,198387623
Ivory Coast,Africa,2018,5.268,8.507,54.225,0.713,0.791,25493988
Jordan,Asia,2016,5.271,9.173,67.6,0.771,NA,9964656
Lebanon,Asia,2016,5.271,9.755,65.775,0.657,0.853,6258619
Vietnam,Asia,2018,5.296,9.173,65.2,0.909,0.808,94914330
Kyrgyzstan,Asia,2018,5.297,8.543,65.275,0.945,0.907,6322800
Greece,Europe,2016,5.303,10.248,70.525,0.482,0.898,10775971
Azerbaijan,Asia,2016,5.304,9.563,63.225,0.713,0.607,9757812
Montenegro,Europe,2016,5.304,9.842,66.7,0.569,0.849,622303
Morocco,Africa,2017,5.312,8.977,63.5,0.814,0.841,35528115
Nigeria,Africa,2017,5.322,8.541,53.75,0.826,0.835,193495907
China,Asia,2016,5.325,9.503,68.125,NA,NA,1387790000
Moldova,Europe,2017,5.326,9.363,63.7,0.553,0.926,2755189
Turkiye,Asia,2016,5.326,10.166,67.875,0.644,0.764,81019394
Libya,Africa,2019,5.33,10.023,65.2,0.762,0.686,6569088
Mongolia,Asia,2017,5.334,9.344,60.1,0.675,0.865,3096030
Malaysia,Asia,2018,5.339,10.197,65.725,0.875,0.894,32399271
Indonesia,Asia,2018,5.34,9.341,62.675,0.879,0.868,267066843
Algeria,Africa,2016,5.341,9.383,66.1,NA,NA,40339329
Croatia,Europe,2017,5.343,10.211,68.25,0.716,0.892,4124531
North Macedonia,Europe,2016,5.346,9.652,65.5,0.706,0.87,2072490
Indonesia,Asia,2019,5.347,9.381,62.8,0.866,0.861,269582878
Hong Kong S.A.R. of China,Asia,2017,5.362,10.999,NA,0.831,0.416,7393200
Montenegro,Europe,2019,5.386,9.978,67,0.694,0.82,622028
Morocco,Africa,2016,5.386,8.94,63.4,0.817,0.717,35107264
Ivory Coast,Africa,2019,5.392,8.542,54.8,0.736,0.799,26147551
Greece,Europe,2018,5.409,10.28,70.775,0.564,0.86,10732882
Croatia,Europe,2016,5.417,10.166,68.075,0.672,0.884,4174349
Malaysia,Asia,2019,5.428,10.228,65.7,0.916,0.782,32804020
Philippines,Asia,2016,5.431,8.938,61.925,0.908,0.792,104875266
Dominican Republic,North America,2018,5.433,9.769,63.8,0.867,0.762,10765531
Libya,Africa,2016,5.434,9.828,64.525,0.822,NA,6282196
Russia,Asia,2019,5.441,10.213,64.2,0.715,0.848,144406261
Portugal,Europe,2016,5.447,10.369,70.625,0.838,0.922,10325452
Hungary,Europe,2016,5.449,10.248,66.75,0.554,0.924,9814023
Nepal,Asia,2019,5.449,8.274,61.3,0.79,0.712,28832496
Tajikistan,Asia,2019,5.464,8.182,62,NA,0.49,9337003
Mongolia,Asia,2018,5.465,9.397,60.2,0.696,0.849,3163991
Vietnam,Asia,2019,5.467,9.235,65.3,0.952,0.788,95776716
Pakistan,Asia,2018,5.472,8.54,56.625,0.773,0.799,219731479
Turkmenistan,Asia,2019,5.474,9.615,62.1,0.892,NA,6158420
Ghana,Africa,2017,5.481,8.503,57.25,0.783,0.839,30222262
Armenia,Asia,2019,5.488,9.569,67.1,0.844,0.583,2820602
Senegal,Africa,2019,5.489,8.14,59.4,0.759,0.796,16000781
Dem Rep Congo,Africa,2018,5.49,8.239,55.875,0.699,0.738,87087355
Libya,Africa,2018,5.494,10.156,64.975,0.781,0.646,6477793
Tajikistan,Asia,2018,5.497,8.133,61.85,NA,0.578,9128132
Hong Kong S.A.R. of China,Asia,2016,5.498,10.97,NA,0.8,0.403,7336600
Russia,Asia,2018,5.514,10.191,63.825,0.729,0.865,144477859
Kazakhstan,Asia,2016,5.534,10.095,63.8,0.783,0.702,17794055
Croatia,Europe,2018,5.536,10.248,68.425,0.691,0.925,4087843
Pakistan,Asia,2016,5.549,8.465,56.075,0.634,0.793,213524840
Belarus,Europe,2017,5.553,9.818,65.55,0.621,0.654,9458989
Mongolia,Asia,2019,5.563,9.43,60.3,0.711,0.873,3232430
Moldova,Europe,2016,5.578,9.3,63.3,0.557,0.969,2803186
Russia,Asia,2017,5.579,10.163,63.45,0.731,0.862,144496739
Philippines,Asia,2017,5.594,8.987,61.95,0.926,0.711,106738501
Dominican Republic,North America,2017,5.605,9.713,63.6,0.855,0.76,10647244
Turkiye,Asia,2017,5.607,10.225,68.05,0.644,0.671,82089826
Mauritius,Africa,2016,5.61,9.968,63.975,0.819,0.891,1263747
Montenegro,Europe,2017,5.615,9.888,66.8,0.626,0.756,622373
Croatia,Europe,2019,5.626,10.287,68.6,0.739,0.932,4065253
Kyrgyzstan,Asia,2017,5.63,8.526,64.75,0.859,0.874,6198200
Libya,Africa,2017,5.647,10.095,64.75,0.779,0.673,6378261
Honduras,North America,2016,5.648,8.573,61.725,0.85,0.793,9460798
Estonia,Europe,2016,5.65,10.374,68.525,0.843,0.639,1315790
Montenegro,Europe,2018,5.65,9.937,66.9,0.626,0.769,622227
Bolivia,South America,2017,5.651,9.017,63,0.884,0.819,11435533
Paraguay,South America,2019,5.653,9.519,65.8,0.876,0.882,6530026
Hong Kong S.A.R. of China,Asia,2019,5.659,10.995,NA,0.727,0.432,7507900
Bolivia,South America,2019,5.674,9.051,63.3,0.881,0.857,11777315
Peru,South America,2018,5.68,9.449,69.325,0.83,0.906,32203944
Moldova,Europe,2018,5.682,9.423,64.1,0.824,0.929,2707203
Kyrgyzstan,Asia,2019,5.685,8.568,65.8,0.92,0.885,6456200
Peru,South America,2016,5.701,9.419,68.975,0.83,0.866,31132779
Peru,South America,2017,5.711,9.429,69.15,0.827,0.895,31605486
Portugal,Europe,2017,5.711,10.406,70.75,0.905,0.881,10300300
Paraguay,South America,2017,5.713,9.518,65.7,0.891,0.81,6355404
Serbia,Europe,2016,5.753,9.692,66.525,0.614,0.89,7058322
Kosovo,Europe,2016,5.759,9.213,NA,0.827,0.941,1777557
Bolivia,South America,2016,5.77,8.991,62.85,0.882,0.853,11263015
Argentina,South America,2018,5.793,10.032,67.05,0.846,0.855,44494502
Japan,Asia,2018,5.794,10.639,73.975,0.773,0.687,126811000
Cyprus,Asia,2016,5.795,10.51,71.8,0.756,0.898,1197881
Paraguay,South America,2016,5.801,9.485,65.65,0.854,0.756,6266615
Moldova,Europe,2019,5.803,9.475,64.5,0.784,0.884,2664224
Ecuador,South America,2019,5.809,9.341,68.5,0.83,0.839,17343740
Nicaragua,North America,2018,5.819,8.637,65.425,0.797,0.713,6572233
Benin,Africa,2018,5.82,8.02,55.2,0.713,0.747,11940683
Belarus,Europe,2019,5.821,9.867,66,0.657,0.546,9419758
Tajikistan,Asia,2017,5.829,8.082,61.7,0.832,0.718,8925525
Pakistan,Asia,2017,5.831,8.495,56.35,0.713,0.714,216379655
Ecuador,South America,2017,5.84,9.366,68,0.879,0.734,16696944
South Korea,Asia,2018,5.84,10.645,72.825,0.6,0.797,51585058
Russia,Asia,2016,5.855,10.146,63.075,0.714,0.925,144342397
Lithuania,Europe,2016,5.866,10.371,65.65,0.614,0.949,2868231
Philippines,Asia,2018,5.869,9.032,61.975,0.918,0.726,108568836
South Korea,Asia,2017,5.874,10.62,72.55,0.538,0.851,51361911
Kazakhstan,Asia,2017,5.882,10.121,64.2,0.745,0.755,18037776
Mauritius,Africa,2018,5.882,10.044,63.925,0.867,0.785,1265577
Bosnia and Herzegovina,Europe,2018,5.887,9.552,67.15,0.659,0.913,3400129
Turkmenistan,Asia,2016,5.887,9.479,61.8,0.749,NA,5868561
Jamaica,North America,2017,5.89,9.209,66.6,0.861,0.883,2808376
Uzbekistan,Asia,2016,5.893,8.804,63.8,0.984,NA,31847900
Latvia,Europe,2018,5.901,10.311,66.1,0.608,0.799,1927174
South Korea,Asia,2019,5.903,10.663,73.1,0.706,0.718,51764822
Honduras,North America,2018,5.908,8.624,62.575,0.872,0.804,9792850
Japan,Asia,2019,5.908,10.638,74.1,0.806,0.617,126633000
Japan,Asia,2017,5.911,10.632,73.85,0.849,0.659,126972000
Bolivia,South America,2018,5.916,9.044,63.15,0.863,0.786,11606905
Portugal,Europe,2018,5.92,10.435,70.875,0.877,0.88,10283822
Honduras,North America,2019,5.93,8.633,63,0.846,0.815,9958829
Hungary,Europe,2018,5.936,10.346,67.05,0.693,0.911,9775564
Serbia,Europe,2018,5.936,9.767,66.775,0.74,0.864,6982604
Slovenia,Europe,2016,5.937,10.459,70.175,0.904,0.838,2065042
Estonia,Europe,2017,5.938,10.429,68.75,0.862,0.668,1317384
Thailand,Asia,2017,5.939,9.741,68.15,0.923,0.884,70898202
Latvia,Europe,2016,5.94,10.222,65.9,0.685,0.868,1959537
Chile,South America,2019,5.942,10.119,70,0.659,0.86,19039485
Kuwait,Asia,2016,5.947,10.887,70.175,0.841,NA,4048085
Greece,Europe,2019,5.952,10.3,70.9,0.614,0.848,10721582
Italy,Europe,2016,5.955,10.617,71.675,0.624,0.903,60627498
Japan,Asia,2016,5.955,10.615,73.725,0.836,0.698,127076000
Romania,Europe,2016,5.969,10.117,66.425,0.822,0.949,19702267
Latvia,Europe,2019,5.97,10.343,66.2,0.698,0.789,1913822
South Korea,Asia,2016,5.971,10.592,72.275,0.591,0.862,51217803
Latvia,Europe,2017,5.978,10.264,66,0.7,0.798,1942248
Colombia,South America,2018,5.984,9.577,68.825,0.851,0.855,49276961
Slovakia,Europe,2016,5.993,10.284,67.825,0.7,0.917,5430798
Peru,South America,2019,5.999,9.452,69.5,0.815,0.874,32824861
Hungary,Europe,2019,6,10.394,67.2,0.798,0.884,9771141
Dominican Republic,North America,2019,6.004,9.808,64,0.877,0.746,10881882
Kazakhstan,Asia,2018,6.008,10.148,64.6,0.84,0.824,18276452
Thailand,Asia,2018,6.012,9.78,68.225,0.905,0.907,71127802
Nicaragua,North America,2016,6.013,8.654,65.275,0.717,0.731,6389235
Bosnia and Herzegovina,Europe,2019,6.016,9.591,67.2,0.722,0.963,3360711
Honduras,North America,2017,6.02,8.603,62.15,0.898,0.783,9626842
Thailand,Asia,2019,6.022,9.798,68.3,0.898,0.877,71307763
Singapore,Asia,2016,6.033,11.42,73.3,0.904,0.047,5607283
Estonia,Europe,2019,6.035,10.496,69.2,0.887,0.576,1326898
Argentina,South America,2017,6.039,10.069,67,0.832,0.841,44044811
Cyprus,Asia,2017,6.062,10.556,72,0.812,0.851,1208523
Lithuania,Europe,2019,6.064,10.524,66.7,0.78,0.783,2794137
Hungary,Europe,2017,6.065,10.292,66.9,0.661,0.886,9787966
Thailand,Asia,2016,6.074,9.705,68.075,0.924,0.878,70607037
Argentina,South America,2019,6.086,10.002,67.1,0.817,0.83,44938712
Panama,North America,2019,6.086,10.359,68.7,0.883,0.869,4232532
Romania,Europe,2017,6.09,10.202,66.55,0.839,0.926,19588715
Estonia,Europe,2018,6.091,10.463,68.975,0.886,0.621,1321977
Kuwait,Asia,2017,6.094,10.82,70.15,0.884,NA,4124904
Portugal,Europe,2019,6.095,10.462,71,0.882,0.915,10286263
Kuwait,Asia,2019,6.106,10.765,70.1,0.867,NA,4441100
Poland,Europe,2018,6.111,10.365,68.525,0.87,0.72,37974750
Nicaragua,North America,2019,6.113,8.585,65.5,0.883,0.622,6663924
Ecuador,South America,2016,6.115,9.358,67.75,0.846,0.774,16439585
Panama,North America,2016,6.118,10.289,68.4,0.884,0.837,4026336
Ecuador,South America,2018,6.128,9.359,68.25,0.869,0.831,17015672
Romania,Europe,2019,6.13,10.309,66.8,0.848,0.954,19371648
Cyprus,Asia,2019,6.137,10.639,72.4,0.74,0.865,1228836
El Salvador,North America,2016,6.14,9.042,63.85,0.8,0.797,6250510
Kosovo,Europe,2017,6.149,9.253,NA,0.858,0.925,1791003
Romania,Europe,2018,6.151,10.266,66.675,0.845,0.921,19473970
Uzbekistan,Asia,2019,6.154,8.902,64.7,0.97,0.511,33580350
Colombia,South America,2017,6.157,9.57,68.65,0.838,0.875,48351671
Poland,Europe,2016,6.162,10.258,68.175,0.871,0.848,37970087
Slovenia,Europe,2017,6.167,10.505,70.35,0.921,0.829,2066388
Bahrain,Asia,2016,6.17,10.789,66.125,0.889,NA,1409661
Uruguay,South America,2016,6.171,10.034,67.5,0.886,0.676,3413766
Mauritius,Africa,2017,6.174,10.006,63.95,0.912,0.818,1264887
Brazil,South America,2018,6.191,9.59,65.225,0.751,0.763,210166592
Italy,Europe,2017,6.199,10.635,71.75,0.633,0.867,60536709
Poland,Europe,2017,6.201,10.308,68.35,0.831,0.639,37974826
Uzbekistan,Asia,2018,6.205,8.865,64.4,0.97,0.52,32956100
Bahrain,Asia,2017,6.227,10.798,66.05,0.906,NA,1456834
Spain,Europe,2017,6.23,10.585,71.85,0.756,0.791,46593236
Colombia,South America,2016,6.234,9.572,68.475,0.835,0.898,47625955
Slovakia,Europe,2018,6.235,10.349,68.275,0.758,0.91,5446771
El Salvador,North America,2018,6.241,9.084,64.55,0.863,0.801,6276342
Mauritius,Africa,2019,6.241,10.072,63.9,0.893,0.81,1265985
Serbia,Europe,2019,6.241,9.815,66.9,0.753,0.813,6945235
Poland,Europe,2019,6.242,10.409,68.7,0.883,0.696,37965475
Slovakia,Europe,2019,6.243,10.373,68.5,0.771,0.926,5454147
Slovenia,Europe,2018,6.249,10.545,70.525,0.942,0.839,2073894
Guatemala,North America,2019,6.262,9.068,62.3,0.901,0.773,16604026
Philippines,Asia,2019,6.268,9.075,62,0.91,0.748,110380804
Kazakhstan,Asia,2019,6.272,10.179,65,0.852,0.708,18513673
Lithuania,Europe,2017,6.273,10.427,66,0.749,0.79,2828403
Cyprus,Asia,2018,6.276,10.599,72.2,0.794,0.848,1218831
Panama,North America,2018,6.281,10.346,68.6,0.861,0.837,4165255
Saudi Arabia,Asia,2017,6.294,10.732,63.6,0.814,NA,34193122
Jamaica,North America,2019,6.309,9.234,66.6,0.891,0.885,2813773
Lithuania,Europe,2018,6.309,10.476,66.35,0.699,0.852,2801543
Spain,Europe,2016,6.319,10.558,71.725,0.768,0.819,46484062
Chile,South America,2017,6.32,10.108,69.7,0.79,0.836,18368577
Guatemala,North America,2017,6.325,9.027,61.9,0.915,0.8,16087418
Brazil,South America,2017,6.333,9.58,65.05,0.765,0.794,208504960
Uruguay,South America,2017,6.336,10.048,67.5,0.898,0.627,3422200
El Salvador,North America,2017,6.339,9.062,64.2,0.758,0.778,6266654
Colombia,South America,2019,6.35,9.59,69,0.822,0.854,50187406
Saudi Arabia,Asia,2018,6.356,10.733,63.8,0.855,NA,35018133
Guatemala,North America,2016,6.359,9.013,61.7,0.863,0.812,15827690
Taiwan Province of China,Asia,2017,6.359,10.774,NA,0.76,0.743,NA
Slovakia,Europe,2017,6.366,10.311,68.05,0.714,0.92,5439232
Uruguay,South America,2018,6.372,10.051,67.5,0.876,0.683,3427042
Brazil,South America,2016,6.375,9.575,64.875,0.807,0.781,206859578
Singapore,Asia,2018,6.375,11.496,73.5,0.916,0.097,5638676
Singapore,Asia,2017,6.378,11.465,73.4,0.926,0.162,5612253
Singapore,Asia,2019,6.378,11.496,73.6,0.938,0.07,5703569
Kosovo,Europe,2018,6.392,9.283,NA,0.89,0.922,1797085
Mexico,North America,2017,6.41,9.905,65.8,0.861,0.801,122839258
Uzbekistan,Asia,2017,6.421,8.831,64.1,0.985,0.465,32388600
Kosovo,Europe,2019,6.425,9.334,NA,0.841,0.92,1788878
Argentina,South America,2016,6.427,10.051,66.95,0.848,0.851,43590368
Mexico,North America,2019,6.432,9.907,65.8,0.903,0.809,125085311
Chile,South America,2018,6.436,10.13,69.85,0.789,0.816,18701450
Italy,Europe,2019,6.445,10.663,71.9,0.709,0.866,59729081
Brazil,South America,2019,6.451,9.595,65.4,0.83,0.762,211782878
El Salvador,North America,2019,6.455,9.107,64.9,0.877,0.682,6280217
Spain,Europe,2019,6.457,10.615,72.1,0.778,0.73,47134837
Taiwan Province of China,Asia,2018,6.467,10.781,NA,0.741,0.736,NA
Saudi Arabia,Asia,2016,6.474,10.762,63.4,0.774,NA,33416270
France,Europe,2016,6.475,10.685,71.8,0.787,0.623,66724104
Nicaragua,North America,2017,6.476,8.685,65.35,0.922,0.673,6480532
Spain,Europe,2018,6.513,10.603,71.975,0.722,0.777,46797754
Taiwan Province of China,Asia,2016,6.513,10.768,NA,0.719,0.811,NA
Italy,Europe,2018,6.517,10.647,71.825,0.65,0.888,60421760
Taiwan Province of China,Asia,2019,6.537,10.797,NA,0.814,0.718,NA
Mexico,North America,2018,6.55,9.917,65.8,0.816,0.809,124013861
Saudi Arabia,Asia,2019,6.561,10.713,64,0.891,NA,35827362
Panama,North America,2017,6.568,10.326,68.5,0.9,0.841,4096063
Chile,South America,2016,6.579,10.11,69.55,0.652,0.858,18083879
Malta,Europe,2016,6.591,10.605,71.35,0.916,0.696,455356
Uruguay,South America,2019,6.6,10.054,67.5,0.903,0.599,3428409
United Arab Emirates,Asia,2018,6.604,11.178,65.85,0.944,NA,9140169
Guatemala,North America,2018,6.627,9.044,62.1,0.91,0.765,16346950
France,Europe,2017,6.635,10.705,71.9,0.834,0.601,66918020
Slovenia,Europe,2019,6.665,10.572,70.7,0.945,0.785,2088385
France,Europe,2018,6.666,10.72,72,0.816,0.582,67158348
Malta,Europe,2017,6.676,10.681,71.4,0.924,0.69,467999
France,Europe,2019,6.69,10.735,72.1,0.827,0.568,67388001
United Arab Emirates,Asia,2019,6.711,11.181,66,0.911,NA,9211657
Malta,Europe,2019,6.733,10.724,71.5,0.924,0.689,504062
Czechia,Europe,2016,6.736,10.519,68.425,0.85,0.9,10566332
Belgium,Europe,2019,6.772,10.859,70.6,0.776,0.672,11488980
Czechia,Europe,2017,6.79,10.567,68.55,0.832,0.867,10594438
United States,North America,2016,6.804,10.985,66.475,0.758,0.739,323071755
Mexico,North America,2016,6.824,9.895,65.8,0.752,0.809,121519221
United Kingdom,Europe,2016,6.824,10.727,69.8,0.821,0.458,65611593
United Arab Emirates,Asia,2016,6.831,11.174,65.55,0.949,NA,8994263
Germany,Europe,2016,6.874,10.857,70.3,0.871,0.446,82348669
United States,North America,2018,6.883,11.024,66.225,0.825,0.71,326838199
Belgium,Europe,2018,6.892,10.842,70.45,0.808,0.63,11427054
Malta,Europe,2018,6.91,10.706,71.45,0.927,0.595,484630
Israel,Asia,2018,6.927,10.595,72.25,0.725,0.77,8882800
Belgium,Europe,2017,6.928,10.829,70.3,0.857,0.543,11375158
United States,North America,2019,6.944,11.043,66.1,0.836,0.707,328329953
Belgium,Europe,2016,6.949,10.816,70.15,0.866,0.497,11331422
Ireland,Europe,2018,6.962,11.331,71,0.861,0.362,4867316
Luxembourg,Europe,2016,6.967,11.664,71.525,0.882,0.356,582014
United States,North America,2017,6.992,11.001,66.35,0.868,0.681,325122128
Costa Rica,North America,2019,6.998,9.944,70,0.927,0.836,5084532
Czechia,Europe,2018,7.034,10.595,68.675,0.79,0.851,10629928
Germany,Europe,2019,7.035,10.894,70.9,0.885,0.462,83092962
United Arab Emirates,Asia,2017,7.039,11.173,65.7,0.962,NA,9068296
Ireland,Europe,2016,7.041,11.186,70.8,0.875,0.399,4755335
Austria,Europe,2016,7.048,10.885,70.525,0.889,0.524,8736668
Ireland,Europe,2017,7.06,11.261,70.9,0.905,0.337,4807388
Luxembourg,Europe,2017,7.061,11.653,71.55,0.903,0.33,596336
Germany,Europe,2017,7.074,10.879,70.5,0.841,0.414,82657002
Bahrain,Asia,2019,7.098,10.815,65.9,0.907,NA,1494188
United Kingdom,Europe,2017,7.103,10.744,69.9,0.813,0.419,66058859
Canada,North America,2019,7.109,10.803,71.3,0.912,0.436,37601230
Germany,Europe,2018,7.118,10.886,70.7,0.877,0.496,82905782
Costa Rica,North America,2016,7.136,9.881,70,0.873,0.781,4945205
Costa Rica,North America,2018,7.141,9.928,70,0.942,0.781,5040734
United Kingdom,Europe,2019,7.157,10.766,70.1,0.854,0.485,66836327
Israel,Asia,2016,7.159,10.552,71.95,0.772,0.804,8546000
Canada,North America,2018,7.175,10.799,71.25,0.946,0.372,37065084
Australia,Oceania,2018,7.177,10.801,70.825,0.916,0.405,24966643
Austria,Europe,2019,7.195,10.93,70.9,0.903,0.457,8879920
New Zealand,Oceania,2019,7.205,10.672,70.2,0.912,0.234,4979200
Costa Rica,North America,2017,7.225,9.912,70,0.936,0.742,4993842
New Zealand,Oceania,2016,7.226,10.636,69.975,0.927,0.278,4714100
United Kingdom,Europe,2018,7.233,10.755,70,0.838,0.404,66460344
Australia,Oceania,2019,7.234,10.807,70.9,0.918,0.43,25340217
Luxembourg,Europe,2018,7.243,11.645,71.575,0.884,0.385,607950
Canada,North America,2016,7.245,10.768,71.15,0.912,0.385,36109487
Australia,Oceania,2016,7.25,10.781,70.675,0.922,0.399,24190907
Ireland,Europe,2019,7.255,11.37,71.1,0.892,0.373,4934340
Australia,Oceania,2017,7.257,10.787,70.75,0.911,0.411,24594202
Sweden,Europe,2017,7.287,10.858,71.65,0.935,0.239,10057698
Austria,Europe,2017,7.294,10.9,70.65,0.89,0.518,8797566
New Zealand,Oceania,2017,7.327,10.651,70.05,0.942,0.222,4813600
Israel,Asia,2017,7.331,10.574,72.1,0.768,0.793,8713300
Israel,Asia,2019,7.332,10.617,72.4,0.834,0.743,9054000
Sweden,Europe,2016,7.369,10.846,71.525,0.918,0.246,9923085
New Zealand,Oceania,2018,7.37,10.666,70.125,0.949,0.207,4900600
Sweden,Europe,2018,7.375,10.866,71.775,0.942,0.263,10175214
Austria,Europe,2018,7.396,10.919,70.775,0.904,0.523,8840521
Sweden,Europe,2019,7.398,10.875,71.9,0.942,0.25,10278887
Luxembourg,Europe,2019,7.404,11.649,71.6,0.93,0.39,620001
Canada,North America,2017,7.415,10.786,71.2,0.945,0.362,36545236
Netherlands,Europe,2019,7.425,10.947,71.4,0.886,0.36,17344874
Norway,Europe,2019,7.442,11.073,71.4,0.954,0.271,5347896
Norway,Europe,2018,7.444,11.072,71.35,0.96,0.268,5311916
Netherlands,Europe,2017,7.459,10.917,71.25,0.92,0.363,17131296
Switzerland,Europe,2016,7.459,11.139,71.9,0.934,0.302,8373338
Netherlands,Europe,2018,7.463,10.934,71.325,0.92,0.371,17231624
Switzerland,Europe,2017,7.474,11.143,72.1,0.925,0.316,8451840
Iceland,Europe,2017,7.476,10.927,71.95,0.939,0.727,343400
Switzerland,Europe,2018,7.509,11.164,72.3,0.926,0.301,8514329
Iceland,Europe,2016,7.51,10.909,71.925,0.952,0.719,335439
Iceland,Europe,2019,7.533,10.949,72,0.959,0.699,360563
Netherlands,Europe,2016,7.541,10.894,71.175,0.907,0.433,17030314
Denmark,Europe,2016,7.558,10.9,70.625,0.948,0.21,5728010
Norway,Europe,2017,7.579,11.067,71.3,0.953,0.25,5276968
Denmark,Europe,2017,7.594,10.922,70.75,0.955,0.181,5764980
Norway,Europe,2016,7.596,11.053,71.25,0.954,0.41,5234519
Denmark,Europe,2018,7.649,10.936,70.875,0.935,0.151,5793636
Finland,Europe,2016,7.66,10.741,70.775,0.948,0.25,5495303
Denmark,Europe,2019,7.693,10.948,71,0.963,0.174,5814422
Switzerland,Europe,2019,7.694,11.168,72.5,0.913,0.294,8575280
Finland,Europe,2019,7.78,10.791,71,0.948,0.195,5521606
Finland,Europe,2017,7.788,10.77,70.85,0.962,0.192,5508214
Finland,Europe,2018,7.858,10.78,70.925,0.938,0.199,5515525